respondent_id,name,address,phone,job,company,birthdate
67358,Breanna Calderon,"00024 Emily Forge West Kristenville, MO 06306",(144)911-5851x5901,English as a second language teacher,Miller-Anderson,1957-04-16
67359,Rodney Johnson,"3939 Murray Burgs Apt. 384 Lake Alexandriaside, MI 67861",928-057-6759x59574,Commercial/residential surveyor,Mitchell Group,1965-01-02
67360,Mrs. Amanda Mills,"6639 April Court Apt. 740 South Matthewshire, SC 61358",813-800-2682,"Therapist, speech and language",Fowler LLC,1943-02-08
67361,William Perkins,"68588 Hayes Branch Apt. 953 Lake Connorfort, KS 31046",(536)412-7148,Chartered certified accountant,Jones LLC,2009-12-04
67362,Jeffrey Mcdonald,USS Davila FPO AA 85660,001-261-806-3969x687,Hydrogeologist,Walls Ltd,1906-05-26
67363,Dustin Gonzalez,"1234 Cynthia Rue Suite 510 Vargasburgh, MS 63098",165.047.8222x146,Estate manager/land agent,"Holmes, Ortiz and Mcneil",1948-07-21
67364,Ryan Anderson,"5947 Taylor Court Hunterchester, TX 38861",077.972.2841x261,Automotive engineer,"Sutton, Farmer and Lucero",1961-08-04
67365,Dana Perez,"PSC 4773, Box 0617 APO AP 04054",993.887.0229,Meteorologist,"Perez, Garcia and Barber",1906-03-25
67366,Gregory Adams,"672 Carrie Trace Apt. 155 New Mark, NC 99790",(904)073-1152x05869,Television camera operator,Horton-Oconnell,1923-04-30
67367,Maureen Smith,"14903 Walters Coves Lake Sherrymouth, LA 56012",(792)043-4627x06245,Sports development officer,Valenzuela Inc,1908-02-11
67368,Leslie Drake DVM,"217 Koch Loop South Joshuachester, MN 96384",274-521-6687x333,Marine scientist,Jackson Ltd,1933-10-01
67369,Frank Norris,"509 Gross Plains Suite 541 South Kevin, SD 52579",546-415-8110x308,Software engineer,Garner-Reed,1969-05-19
67370,Eric Ashley,"948 Jerome Mission Freemanborough, MT 96769",001-263-394-3390x256,"Surveyor, insurance",May PLC,1985-07-26
67371,Brenda Duncan,"833 Salinas Neck Lake Seanstad, MD 08855",001-291-614-7522x51741,Early years teacher,Mills and Sons,1992-12-09
67372,Stephanie Smith,"705 Thomas Locks South Maria, HI 73424",3283765454,Games developer,"Matthews, Duncan and Ali",1961-04-04
67373,Anna Owens,"47545 Brian Inlet Apt. 413 North Lorishire, WV 95905",001-259-815-8555x72357,Legal executive,"Brown, Bishop and Clark",1909-06-04
67374,Kim Cannon,"3146 Briana Canyon Apt. 624 Michaelmouth, NV 06353",001-422-337-2054,Air broker,Paul Group,1921-05-26
67375,Angela Rodriguez,"PSC 8024, Box 9146 APO AP 68611",(790)181-8239x99788,Clinical embryologist,Reed-Drake,1931-07-06
67376,Dawn Reyes,"959 Ryan Port Lake Courtneystad, NV 14430",(963)843-5544x5719,Magazine features editor,"Sutton, Johnston and Miller",1991-06-28
67377,Heather Leach,"03582 Mckinney Inlet East Walterside, MS 45701",312.319.5759x456,Counsellor,"Simmons, Green and Luna",1924-03-07
67378,Omar White,"791 Stanley Hills Apt. 977 Leeport, AL 00730",001-865-225-0927x67186,"Librarian, academic",Wright Group,1993-12-03
67379,Gary Rodriguez,"43507 Brittany Lights Apt. 248 Lake Scottfurt, CA 70228",(551)840-4832x21769,Special educational needs teacher,Buck Group,2009-04-16
67380,William Ortiz,"0327 Dawn Roads Jacksonberg, MT 65223",001-287-999-0197x43627,Gaffer,"Anderson, Brown and Roy",1930-08-05
67381,Tonya Mccoy,"8083 Timothy Fork Suite 576 Alexandriaside, MS 64383",981.399.3560x6389,Paramedic,"Gross, Alvarez and Gonzalez",1938-07-09
67382,Eric Gray,"39101 Ferguson Way East Elizabethborough, IA 82413",+1-128-584-9757x2871,Plant breeder/geneticist,Russell-Brown,1988-10-28
67383,Lucas Harmon,"5179 Hill Forge Lake Elizabethville, ID 47255",259.780.7253x70691,Web designer,Watson Ltd,1967-06-13
67384,Donald Gray,"6430 Hardy Tunnel Suite 812 Conleyport, NJ 75443",9390731164,"Scientist, clinical (histocompatibility and immunogenetics)",Vasquez LLC,1983-08-06
67385,Adrienne Lee,"303 Emily Junctions Apt. 823 West Jeffrey, NE 37196",996-037-7784x5918,"Designer, fashion/clothing",Miller and Sons,1975-05-20
67386,Brian Waller,"3262 William Pines Suite 736 South Sherrybury, SD 46427",(147)295-1676,Medical technical officer,"Nelson, Wang and Jenkins",2004-08-24
67387,Jennifer Garrison,USNV Hammond FPO AP 58869,581-602-1869x260,"Editor, magazine features","Ortiz, Reyes and Perez",1921-12-15
67388,Kelly Williams,"5412 Alyssa Gateway Cynthiashire, NV 90952",761-253-8601x964,Cytogeneticist,"Baker, Robinson and Terrell",1983-05-02
67389,Danny Mckinney,"227 Cynthia Villages Suite 929 Cannonchester, NH 72077",801-569-7340x6565,Barista,Duran Inc,1934-01-21
67390,Douglas Duarte,"32390 David Road Michaelmouth, TN 61062",001-409-749-3170x07137,Tax inspector,Duke-Haynes,1999-02-07
67391,Robert Lewis,"7030 Alvarez Locks Suite 742 Jonesmouth, IA 91894",538.904.0693x68867,IT consultant,Meza Ltd,1906-02-22
67392,Jessica Herrera,"8915 Kristy Dale Suite 815 West Meganfurt, TN 47383",+1-374-067-8183x046,Education administrator,Potter Group,2007-03-29
67393,Taylor Davis,"45012 Sullivan Forks North Kristen, LA 73324",269-971-8385,Geochemist,Tate-Mills,1955-02-01
67394,Lindsey Allen,Unit 7453 Box 2946 DPO AP 76683,901-722-2050x14150,Chartered management accountant,"Blair, Barrett and Gutierrez",2005-12-19
67395,Victoria Edwards,"75533 Ewing Brook Lake Dawnview, DC 86552",(341)838-5492,"Designer, graphic",Hernandez-Wyatt,1942-11-22
67396,Joseph Hooper,"71524 Allison Radial Suite 077 Yvonneburgh, MD 30022",+1-325-303-5555x019,Health promotion specialist,"Hoffman, Lara and Nelson",1907-08-13
67397,Marilyn Ruiz,USNS Mack FPO AA 39427,792-585-4162x25809,Agricultural consultant,Smith-Glover,1914-04-20
67398,Regina Harrell,"8019 Andrew Loop Lake Jefferyhaven, NM 31156",0729009924,Health visitor,"Porter, Bright and Mcguire",2003-12-17
67399,Nicole Solis,"261 Amy Extensions Suite 785 Smithfurt, AK 25234",296-792-2146x84069,Database administrator,"Willis, Gonzalez and Hernandez",2004-11-13
67400,Dustin Webster,"571 Mcdonald Fields West Carly, NJ 84328",+1-272-288-1500x619,Neurosurgeon,Campbell-Hall,1937-01-30
67401,Duane Smith,"34042 Carla Mews Suite 535 East Lauraville, IL 45035",001-234-709-9865,Chartered legal executive (England and Wales),Silva-Hamilton,1937-04-14
67402,Brittany Nichols,Unit 7086 Box 8196 DPO AP 64435,739.471.1631,Tax adviser,Hernandez-White,1905-01-30
67403,Sarah Thompson,"503 Gonzalez Valleys Rachelshire, KS 63452",(036)181-0019x2380,Physiotherapist,Solis-Lopez,1949-04-20
67404,Catherine Cooper,USNS Price FPO AE 82663,(610)798-9204,Hydrologist,Saunders Group,1986-10-23
67405,Ms. Maria Roth,"81954 Jessica Passage West Audrey, WA 85632",(924)221-7186x9535,"Development worker, international aid","Martinez, Lewis and Hernandez",1956-03-07
67406,Victoria Ross,"1073 Colon Overpass Apt. 294 Littleside, MO 68837",+1-445-387-8530x88918,Garment/textile technologist,Wiggins-Owens,1981-11-13
67407,Michael Rios,"770 Kimberly Row Suite 908 Davidberg, IN 06992",(880)269-1970,"Designer, jewellery","Parker, Smith and Wright",1967-05-30
67408,Corey David,"4612 Martinez Crescent Suite 325 Port Jamesfurt, KY 10651",(974)214-9179x312,Games developer,"Owen, Bradley and Smith",1944-05-21
67409,George Johnson,USCGC Zhang FPO AA 84436,+1-515-849-9673,Special educational needs teacher,Cochran-Bradshaw,2006-07-17
67410,Gregory Keller,"725 Frederick Place Nguyenberg, OK 72736",001-765-581-8373,Garment/textile technologist,Scott Inc,1941-02-20
67411,James Mcclure,"0021 Kim Haven Autumnview, MD 28311",001-372-776-1589x47294,Herpetologist,Russo Group,1924-12-02
67412,Eric Gonzalez,"415 Pierce Pass Apt. 795 Lindseystad, OK 95056",001-214-873-1761,"Scientist, clinical (histocompatibility and immunogenetics)",Johnson-Green,2016-04-23
67413,Dale Smith,"678 Allison Mall Apt. 392 Andreaview, MD 50132",001-808-000-6401x465,Amenity horticulturist,Campos-Leon,1952-07-10
67414,Taylor Hill,Unit 9400 Box 4985 DPO AP 70291,+1-224-275-6193x40119,Water quality scientist,"Bell, Walker and Johnson",1998-04-28
67415,Suzanne Terrell,"498 Kathryn Plains Apt. 941 Nicholaston, MT 49600",3136469521,"Development worker, international aid",Watson PLC,1958-11-20
67416,April Sharp,"8406 Melissa Lane Suite 337 Mackenzieton, OK 96309",261.161.9063x3698,Mechanical engineer,"Gibson, Nunez and Wilson",1962-02-18
67417,Jennifer Anderson,"052 Collins Falls West Kenneth, NE 38182",0137963230,Ergonomist,Newman LLC,1969-08-29
67418,Lauren Morgan,"2625 Pamela Loop Whiteside, TN 74688",365.324.9958,"Investment banker, operational","Ramsey, Hart and Jones",1942-03-29
67419,Monica Henderson,"2461 Wright Manor Apt. 455 South Alexis, VA 49803",(180)579-9787x10512,Phytotherapist,Ayers Inc,1994-03-26
67420,Michelle Flores,Unit 4422 Box 5265 DPO AA 99556,540.724.3590x06898,Hotel manager,Jones Inc,1920-08-31
67421,Bryan Lee,"71074 Costa Mission East Henry, MO 71719",580-969-6946,Clinical research associate,Brown and Sons,1957-02-10
67422,Katherine Weber,"72446 Laurie Station Suite 273 Wrightbury, OH 24997",001-815-926-0182x5985,Field trials officer,"Shepard, Simpson and Peterson",2018-08-11
67423,Michael Davis,"80652 Michelle Cliff Apt. 715 Wellsfurt, SC 70483",807.695.6341,Broadcast journalist,Woods-Murillo,1912-12-03
67424,Adam Middleton,"45524 Liu Turnpike South Lisa, MI 22469",(210)404-5653x3158,Accommodation manager,"Gonzalez, Franklin and Taylor",1923-10-05
67425,Christopher Nguyen,"064 Hatfield Crescent Suite 938 Colinchester, WV 26277",+1-165-545-2304x64752,"Therapist, music",Watson-Osborne,2012-08-12
67426,Alex Rice,"84639 Jessica Fort Victoriamouth, ID 66363",+1-229-839-2851x0097,Chartered accountant,"Watson, Mendoza and Glass",1952-02-12
67427,Sierra Clark,"703 Johnson Estates Mollyberg, IL 32297",(643)324-0247,Telecommunications researcher,Curtis-Thomas,2020-08-06
67428,Matthew Riley,"328 Alec Meadows New Lindsayview, MT 45104",171-172-8200x86603,Company secretary,"Murray, Becker and Noble",1955-01-16
67429,Christopher Myers,"6377 Jennifer Grove Cunninghamstad, WI 63875",9511203043,Social worker,"Johnson, Jacobson and Hammond",1955-11-06
67430,Mr. Mark Castillo,"8497 Turner Rapids Deborahchester, KS 66927",277-958-0897x36644,Set designer,"White, Barnes and Smith",2019-09-26
67431,John Ward,"7354 Melanie Rue Andersonville, KS 52145",001-663-775-0947x1464,Production engineer,Martin Group,1991-01-05
67432,Kevin Barnes,"07912 Schroeder Walks Apt. 167 New Robert, UT 56787",001-592-453-4777,Trade union research officer,"Cook, Blackburn and Norris",1931-12-16
67433,Allison Brown,"3051 Johnson Spur Apt. 544 New Matthew, GA 08173",(488)762-4228x700,Optometrist,Smith PLC,1984-10-29
67434,Austin Fisher,"717 Jones Inlet Apt. 356 Davidchester, NV 09984",704-434-6135x998,Health promotion specialist,"Jenkins, Wise and Browning",1914-08-08
67435,Cindy Cochran,"23334 Mitchell Coves West Jacobfurt, MD 04114",045.996.0626,Manufacturing systems engineer,Price-Chen,2013-02-25
67436,Laura Allen,"31491 Erica Crest Suite 223 Lake Ronaldside, VT 97456",(845)449-8452,Sports therapist,Wu Inc,1933-01-01
67437,Calvin Mitchell,"77407 Mathews Road Christopherborough, FL 77359",+1-708-228-6831x111,"Accountant, chartered public finance",Reyes-Sullivan,1974-06-20
67438,Jerry Ortiz,USS Anthony FPO AE 05060,148.404.3027x3777,"Runner, broadcasting/film/video","Lee, Ross and Peterson",1968-06-20
67439,Christina Webster,Unit 7064 Box 5470 DPO AE 14129,(230)756-7850x791,Pharmacologist,"Rice, Riggs and Wright",1984-07-25
67440,Richard Allen,"625 Smith Viaduct Lake Steven, WY 25197",001-509-456-3606,Dentist,Martin LLC,2007-08-14
67441,Lynn Reese,"4476 Antonio Hills Suite 684 Hamiltonbury, NJ 65734",968-247-4509,Youth worker,"Allen, Sanchez and Wright",2000-01-27
67442,Kristen Lopez,"3235 Morris Ports West Joseph, WV 68672",(626)392-2242x167,"Pilot, airline",Clark PLC,1948-04-23
67443,Travis Phillips,USS Sanford FPO AA 23117,9757352816,"Therapist, drama",Lopez-Arnold,1965-06-01
67444,Norma Johnson,Unit 0237 Box 9319 DPO AP 94236,739.864.0599x202,"Administrator, sports",Ramos-Martin,1928-10-19
67445,Joshua Huffman,"336 Cheryl Pass Suite 020 Robertmouth, NC 62253",(388)261-9775x606,Immunologist,"Adams, Marks and Stevens",1931-08-28
67446,Kenneth Baker,"2868 Rodney Canyon South Jimmyland, AK 83422",583.760.1977x839,Press photographer,Harper-Burch,1997-02-02
67447,Robert Durham,"1829 Tina Pass Suite 075 Harveyburgh, OK 21090",671.170.7160x832,Quantity surveyor,"Bradford, Bennett and Hicks",1927-05-22
67448,Barbara Acosta,"2452 Lopez Springs Apt. 934 South Nicholas, VA 55730",297.095.0845x0380,Sports therapist,Cruz PLC,1995-02-15
67449,Joseph Harris,"0554 Mcbride Loop Suite 526 East Michelleton, MD 01915",484.281.4132,"Nurse, children's",Patel Ltd,1921-10-07
67450,Jacqueline Morse,"0282 Jeffrey Shoal Apt. 805 East Brittanyville, DE 89797",+1-820-547-7853,Energy engineer,"Rhodes, Barrett and Young",2009-08-01
67451,Trevor Gonzalez,"76207 Walsh Path New Robertview, OH 34534",+1-334-514-1086x3658,Counselling psychologist,Smith Group,1933-02-17
67452,Danielle Martin,"7446 Sherman Island Suite 870 North Joshua, ID 81328",018.150.3936,Careers information officer,"Brown, Jones and Hogan",1905-09-06
67453,Elizabeth Thomas,"682 Laura Corners Port Justin, KY 38874",001-063-944-7010x300,Publishing copy,"White, Rice and Jones",1932-01-02
67454,Timothy Burns,"940 Steven Roads Morganbury, LA 49367",3264328549,Occupational psychologist,"Johnson, Hooper and Wagner",1983-03-14
67455,Brittany Hoffman,"12987 Cheyenne River Apt. 006 Caseychester, MD 21196",221.522.1789,Fish farm manager,Miller Ltd,2010-04-24
67456,Patrick Jackson,"17105 Michael Drives Apt. 036 Stevensville, NM 41427",001-358-556-7712x1554,Equality and diversity officer,"Brown, Garcia and Moore",1964-12-15
67457,Alexis Garcia,"58625 Robinson Street New Victoria, ID 62045",9616306893,Arts administrator,Johnson and Sons,1970-02-11
67458,Rose Young,"710 Kevin Terrace Bennettchester, DE 12040",+1-637-138-1539x082,"Nurse, children's",Hill-Johnson,2019-11-22
67459,Jermaine Johnson,"20623 Shane Squares Watkinsstad, CO 03744",001-751-012-9802x357,Financial risk analyst,Wells Group,1949-02-21
67460,Shannon Adams,USNS Chandler FPO AP 79266,658-272-0532x598,Community education officer,Navarro-Garcia,1918-12-09
67461,Anna Smith,"644 Rodriguez Corners Suite 567 Paulchester, WI 38231",(173)401-8210x40162,Multimedia programmer,"Powell, Fletcher and Cook",1953-11-30
67462,Heather Torres,"81026 Danielle Radial Apt. 226 South Jamie, NC 61325",515-854-1341x0607,"Lecturer, higher education",Martin-Smith,1990-07-09
67463,Tim Bradley,USNV Henderson FPO AE 38883,463.375.5961,Geoscientist,Rivera-Hunter,1906-12-31
67464,Amber Hodges,"8297 Miranda Estate Christopherstad, MS 16362",281-943-9799,Theatre stage manager,"Mccarty, Walker and Gilbert",2005-03-26
67465,Jenny Warner,"30901 Ronald Rue East John, TN 77630",+1-686-373-4017,"Therapist, sports","Stokes, Evans and Wilson",2003-06-22
67466,Christopher Harris,"252 David Overpass Johnsonfort, KY 38356",(080)536-8425x592,"Surveyor, building","Hall, Mitchell and Hernandez",1971-06-04
67467,Micheal Knapp,"10948 Anthony Roads Apt. 461 East Douglas, IA 99742",+1-365-223-2234x4919,Art therapist,Powell-Roberson,2005-03-01
67468,Brittany Harris,"1494 Bowen Oval Apt. 220 South Cristian, SD 96339",413.675.4409x750,Financial trader,Hurst-Herrera,1913-10-13
67469,Jacqueline Hernandez,"8637 Moses Spring New Javierport, GA 18957",2317325065,Energy manager,Nicholson-Jones,1977-08-23
67470,Timothy Brady,"5112 Adams Trace North Yesenia, NY 14116",001-208-957-9795x00101,Commissioning editor,"Mullen, Ford and Caldwell",1922-11-01
67471,Joshua Jones,"50052 Gutierrez Haven Jasonton, PA 38861",578-490-2942,Local government officer,Roberson LLC,1956-09-18
67472,Patrick Mckay,"278 Strickland Center Suite 330 Scotttown, TX 48504",001-693-602-3183x7263,"Therapist, horticultural","Davis, Stanley and Costa",1969-05-29
67473,James Martinez,"84145 Michael Alley Apt. 427 West Robertmouth, WV 71577",+1-623-223-1503x81610,Information officer,Woodard LLC,1924-08-03
67474,Richard Zamora,"330 Frost Course Apt. 450 North Antonio, IA 18230",001-202-782-5543x425,"Research officer, government",Wells-White,1922-09-22
67475,Cassidy Welch,"54267 Sharon Valleys Suite 009 Port Deborahview, OK 99176",+1-583-049-0130x1593,Geoscientist,Williams-Miller,1977-05-24
67476,Jacqueline Nichols,"8929 Moyer Road Apt. 834 Scottfurt, KY 85081",736.425.2121x20667,"Clinical scientist, histocompatibility and immunogenetics","Moody, Smith and White",1963-07-18
67477,Carl Watkins,"5907 Michael Glens Suite 922 Washingtonchester, NE 79000",(406)477-2303x508,Soil scientist,"Barker, Sanchez and Brown",2012-01-18
67478,Christian Morales,"48188 Hernandez Lodge Suite 514 Aliciaton, UT 04785",087.848.8507x108,"Conservation officer, historic buildings",Wilson PLC,1939-08-31
67479,Shelby Jenkins,"193 Smith Light Port Megan, MN 38459",+1-495-410-3195x95022,Maintenance engineer,Holden and Sons,1997-12-02
67480,John Olson,"329 Kathleen Extension Mayertown, AR 93818",001-809-930-0830x675,Telecommunications researcher,Delgado-Myers,2005-09-18
67481,Marcus Johnson,"860 Wendy Alley Suite 854 North Johnport, FL 93713",001-639-881-4662x79664,Hydrologist,"Sanchez, Williams and Sutton",2011-06-06
67482,Nathan Ray,"451 Holder Haven Frenchborough, TN 46339",(487)400-2890,"Pharmacist, hospital",Morris-Cooper,1997-09-25
67483,Carol Ayala,"993 Tyler Well Suite 256 South Jamiestad, DE 55997",527.595.2382x9056,Marine scientist,"Collins, Hernandez and Johnson",1968-05-04
67484,Greg Arnold,"6048 Johnson Trail Apt. 851 East Amanda, MA 12273",(917)098-6286x3521,IT consultant,Hansen-Garrett,2009-05-29
67485,Samantha Robinson,"447 John Walk Suite 324 North Cynthiastad, KS 22637",312-677-1567x325,Financial adviser,Thomas Inc,1914-09-21
67486,Lindsay Berg,"08667 Wilson Crossing Apt. 615 West Stevenbury, PA 25678",(239)921-7179x414,Agricultural engineer,"Jennings, Rogers and Evans",1962-05-18
67487,Elizabeth Shields,Unit 5614 Box 5074 DPO AE 79297,530-243-8283,Chief Operating Officer,Keller PLC,1969-03-14
67488,Daniel Brown,"3166 Wilson Meadows Apt. 126 Byrdport, AL 76426",826-609-1951x9581,Minerals surveyor,Williams-Edwards,1970-09-15
67489,Jamie Santiago,"4100 Jackson Fork Kelseyton, VA 87863",862-746-4244x25739,"Teacher, primary school",Lynch-Carter,1983-12-08
67490,Tracy Johnson,"7997 Hanson Throughway Suite 955 Robertberg, MI 24035",493.641.5464x4238,Homeopath,Thompson-Bowers,2012-12-15
67491,Katie Torres,"079 Michael Rapid Apt. 288 Nelsonside, KY 19543",001-384-768-2636x28556,Claims inspector/assessor,Lopez Group,2016-06-12
67492,Michael Grant,"19571 Williams Street West David, NE 71796",(274)014-9965,Magazine features editor,"Boyer, Nolan and Webb",1992-05-05
67493,Christopher Jimenez,"098 Gavin Mall Suite 755 Stevenland, CO 49467",191-687-3401x1180,"Secretary, company","Smith, Hamilton and Martin",2006-03-31
67494,Tanya Barron,"8825 Stephanie Brook Apt. 739 Port Taylorburgh, AR 37284",(424)485-6938x147,Armed forces logistics/support/administrative officer,"Flowers, Moore and Berry",1943-08-30
67495,Yvonne Williams,"81328 Amy Unions Apt. 361 Bradleyland, NE 01089",(233)859-0778,"Surveyor, building control",Frank-Hansen,1967-05-17
67496,Benjamin Andrews,"762 Garcia Bridge Suite 427 East Julia, NJ 67939",5208271365,"Education officer, environmental",Sanchez PLC,2003-05-09
67497,Luis Lowe,"42507 Franklin Mount Apt. 353 Lake Christopherborough, TN 50076",(379)964-8711x26929,"Teacher, special educational needs","Johnson, Estes and Hunter",1932-03-11
67498,Shelly Lee,"665 Kyle Curve Suite 708 Michaelmouth, AK 87024",606-989-0934x04884,"Teacher, primary school",Brown Ltd,1931-01-23
67499,Marcia Petty,"91919 Ramos Alley Meganberg, VT 90682",942-533-6296x264,"Restaurant manager, fast food",Rollins-Sherman,1989-12-28
67500,Randall Gonzalez,"91069 Moreno Drive Apt. 576 Hollandberg, MS 12101",9866172683,Neurosurgeon,Park-Boyer,2008-04-25
67501,Mary Bowers,Unit 6178 Box 0298 DPO AP 15816,+1-320-139-6997x82930,Government social research officer,"Walsh, Jones and Obrien",1977-01-26
67502,Kristin Scott,"882 Chapman Stravenue Wyattstad, SD 24337",266.331.4371x36939,"Programmer, applications","Gilbert, Davis and Torres",1964-09-19
67503,Robert Morris,"3240 Elliott Mission Apt. 261 Autumnborough, OH 47452",(477)327-5166,Human resources officer,Moss LLC,1929-03-19
67504,Daniel Evans,"827 Petty Shore Sanchezburgh, IL 54189",357-238-1717x70793,"Research officer, trade union","Allen, Short and Webb",1985-11-02
67505,Deborah Stevens,"4924 Ramsey Burgs Suite 312 Lopezstad, VA 49654",919.938.9070x40662,"Scientist, marine",Lambert PLC,2017-04-16
67506,Heather Salinas,"179 Reid Dam Apt. 709 Cannonhaven, IA 64124",(912)145-4270,Neurosurgeon,"Sanchez, Rice and Stevenson",1978-03-11
67507,Hunter Rivera,"6729 Brown Pine Port Janice, PA 89604",001-317-554-5500x44323,Company secretary,Rivas-Ross,2006-10-14
67508,Mackenzie Burnett,"83780 William Turnpike New Destiny, AR 38250",850-659-9683x571,Energy engineer,Sanchez PLC,1910-12-15
67509,Todd Wallace,"1632 George Loaf New Christopher, NJ 65588",825.118.6567,Commercial horticulturist,Williams Ltd,1923-09-03
67510,Alexis Grimes,"453 Stanton Route Lake Michael, MA 54011",0203009401,Materials engineer,"Wright, Townsend and Turner",2019-09-04
67511,Tyler Jenkins,"48898 Graham Inlet Suite 513 Lake Amanda, MN 97507",+1-289-631-5662x810,"Secretary, company","Miller, Lewis and Short",1990-02-13
67512,Kevin Rivera,"864 Joshua Lock New Keith, MO 05381",026.231.8737x1174,Pensions consultant,"Taylor, Robertson and Bauer",1976-06-27
67513,Mr. Timothy Robinson,"582 Lewis Pine Lake John, NJ 37580",001-222-447-8268x326,Estate manager/land agent,Callahan and Sons,1965-12-05
67514,Alyssa Lin,"0794 Matthew Heights Apt. 663 Lake Erin, VA 30687",(875)600-3021,Chief Executive Officer,Reyes-Sullivan,1989-02-11
67515,Katherine Shannon,"38928 Jordan Dale Port Kyle, MN 85140",872-533-1237x5680,"Production assistant, television",Petersen Ltd,1915-05-08
67516,William Henry,"830 Christopher Crossroad Suite 481 Carolview, IA 54751",+1-119-788-0439x06043,Occupational psychologist,Miller-Richardson,1909-04-30
67517,Kyle Taylor,"862 Hanson Mission Suzanneton, SC 83518",(564)843-6764,Airline pilot,Brooks-Thomas,1915-05-10
67518,Adrian Stevens,"072 Moore Ferry Laurenland, VT 01796",001-647-912-5505,Advertising account planner,Jackson PLC,1948-07-14
67519,Alexandra Russell,"294 Morse Divide Apt. 051 Port Kelly, NC 12214",(958)545-1625,Geochemist,Reese-Sanchez,1949-07-23
67520,Alvin Price,"5452 Wright Highway Apt. 504 Randyburgh, TN 05849",001-917-206-7527,Comptroller,"Floyd, Baker and Turner",1909-04-09
67521,William Fischer,"PSC 2982, Box 4016 APO AP 22350",001-664-995-8901x112,Training and development officer,Blair-Barnes,1922-09-20
67522,Amy Fitzpatrick,"4466 Mckinney Center Apt. 920 Nicoletown, ID 12764",030-737-6690,"Teacher, English as a foreign language",Fry-Cole,1991-03-07
67523,Haley Hamilton,"5819 Keller Walk Lake Johnathanland, MO 19546",1637588462,"Psychotherapist, dance movement","Guerra, Lewis and Harrison",1957-12-08
67524,Sean Henry,"56579 Morgan Locks Waynehaven, MI 28408",787-378-4528x11260,Fisheries officer,Lee Ltd,1921-10-08
67525,Diane Bell,"971 Porter Mountain Lake Alex, NY 77233",(380)289-0822,Neurosurgeon,"Walker, Morales and Williams",1934-10-24
67526,Mikayla Jimenez,Unit 4387 Box 7818 DPO AP 92974,0986663987,Air cabin crew,Pitts Ltd,1928-12-30
67527,Joseph Parker,"07220 Brent Rue Rodgerston, AR 52037",736.544.1656x231,Maintenance engineer,"Garrison, Alvarado and Bauer",1955-12-17
67528,Kimberly Davis,"23854 Martin Well West Christine, AR 06687",+1-641-309-4440x8788,"Copywriter, advertising",Davis Group,1965-06-01
67529,Brittany Wise,"49584 Raymond Land South Jasonchester, MS 35662",001-062-437-1534x6090,Clothing/textile technologist,Levine-Davis,1961-06-21
67530,Jerry Luna,"86921 Leah Manor Suite 957 Shawport, OH 92974",215-846-1274x83133,Systems developer,Nolan and Sons,1920-10-08
67531,Antonio Mitchell,"10762 Michelle Centers Lake Michael, UT 21546",9206028148,Theatre director,Rodriguez LLC,1975-11-04
67532,Tracy Cook,"7551 Young Crescent Apt. 340 East Erica, MI 21460",(654)471-7357x1874,Environmental health practitioner,Hodges PLC,1992-05-18
67533,Jeffrey Turner,"0795 Robert Haven Christyshire, AK 89732",001-317-383-6081x07727,Mudlogger,Alvarado Group,1979-02-16
67534,Christina Sanchez,Unit 5780 Box 0254 DPO AP 38751,(688)543-6546x22293,Ophthalmologist,Gomez Inc,1988-10-20
67535,Wendy Rangel,"528 Campbell Knoll Apt. 396 South Adam, NE 62899",+1-896-797-6809x002,Public librarian,"Graves, Ramirez and Carter",1981-09-11
67536,Mark Walker,"544 Jones Dam Apt. 989 Port Lori, NC 48072",+1-459-342-7678x260,Air broker,Randall-Morris,1909-10-04
67537,Carolyn Middleton,"786 Jason Port Timothyborough, MO 46421",565-626-0695,"Conservator, furniture",Moore Ltd,2019-03-13
67538,Kristen Alvarez,"03048 Robertson Island Christineberg, LA 15555",862-300-7030x3551,Paramedic,Bridges LLC,1989-05-01
67539,James Fernandez,"95241 Tucker Road Port David, UT 75105",6103753367,Insurance claims handler,"Guzman, Hartman and Williams",1959-08-06
