respondent_id,job,company,birthdate
67358,English as a second language teacher,Miller-Anderson,04161957
67359,Commercial/residential surveyor,Mitchell Group,01021965
67360,"Therapist, speech and language",Fowler LLC,02081943
67361,Chartered certified accountant,Jones LLC,12042009
67362,Hydrogeologist,Walls Ltd,05261906
67363,Estate manager/land agent,"Holmes, Ortiz and Mcneil",07211948
67364,Automotive engineer,"Sutton, Farmer and Lucero",08041961
67365,Meteorologist,"Perez, Garcia and Barber",03251906
67366,Television camera operator,Horton-Oconnell,04301923
67367,Sports development officer,Valenzuela Inc,02111908
67368,Marine scientist,Jackson Ltd,10011933
67369,Software engineer,Garner-Reed,05191969
67370,"Surveyor, insurance",May PLC,07261985
67371,Early years teacher,Mills and Sons,12091992
67372,Games developer,"Matthews, Duncan and Ali",04041961
67373,Legal executive,"Brown, Bishop and Clark",06041909
67374,Air broker,Paul Group,05261921
67375,Clinical embryologist,Reed-Drake,07061931
67376,Magazine features editor,"Sutton, Johnston and Miller",06281991
67377,Counsellor,"Simmons, Green and Luna",03071924
67378,"Librarian, academic",Wright Group,12031993
67379,Special educational needs teacher,Buck Group,04162009
67380,Gaffer,"Anderson, Brown and Roy",08051930
67381,Paramedic,"Gross, Alvarez and Gonzalez",07091938
67382,Plant breeder/geneticist,Russell-Brown,10281988
67383,Web designer,Watson Ltd,06131967
67384,"Scientist, clinical (histocompatibility and immunogenetics)",Vasquez LLC,08061983
67385,"Designer, fashion/clothing",Miller and Sons,05201975
67386,Medical technical officer,"Nelson, Wang and Jenkins",08242004
67387,"Editor, magazine features","Ortiz, Reyes and Perez",12151921
67388,Cytogeneticist,"Baker, Robinson and Terrell",05021983
67389,Barista,Duran Inc,01211934
67390,Tax inspector,Duke-Haynes,02071999
67391,IT consultant,Meza Ltd,02221906
67392,Education administrator,Potter Group,03292007
67393,Geochemist,Tate-Mills,02011955
67394,Chartered management accountant,"Blair, Barrett and Gutierrez",12192005
67395,"Designer, graphic",Hernandez-Wyatt,11221942
67396,Health promotion specialist,"Hoffman, Lara and Nelson",08131907
67397,Agricultural consultant,Smith-Glover,04201914
67398,Health visitor,"Porter, Bright and Mcguire",12172003
67399,Database administrator,"Willis, Gonzalez and Hernandez",11132004
67400,Neurosurgeon,Campbell-Hall,01301937
67401,Chartered legal executive (England and Wales),Silva-Hamilton,04141937
67402,Tax adviser,Hernandez-White,01301905
67403,Physiotherapist,Solis-Lopez,04201949
67404,Hydrologist,Saunders Group,10231986
67405,"Development worker, international aid","Martinez, Lewis and Hernandez",03071956
67406,Garment/textile technologist,Wiggins-Owens,11131981
67407,"Designer, jewellery","Parker, Smith and Wright",05301967
67408,Games developer,"Owen, Bradley and Smith",05211944
67409,Special educational needs teacher,Cochran-Bradshaw,07172006
67410,Garment/textile technologist,Scott Inc,02201941
67411,Herpetologist,Russo Group,12021924
67412,"Scientist, clinical (histocompatibility and immunogenetics)",Johnson-Green,04232016
67413,Amenity horticulturist,Campos-Leon,07101952
67414,Water quality scientist,"Bell, Walker and Johnson",04281998
67415,"Development worker, international aid",Watson PLC,11201958
67416,Mechanical engineer,"Gibson, Nunez and Wilson",02181962
67417,Ergonomist,Newman LLC,08291969
67418,"Investment banker, operational","Ramsey, Hart and Jones",03291942
67419,Phytotherapist,Ayers Inc,03261994
67420,Hotel manager,Jones Inc,08311920
67421,Clinical research associate,Brown and Sons,02101957
67422,Field trials officer,"Shepard, Simpson and Peterson",08112018
67423,Broadcast journalist,Woods-Murillo,12031912
67424,Accommodation manager,"Gonzalez, Franklin and Taylor",10051923
67425,"Therapist, music",Watson-Osborne,08122012
67426,Chartered accountant,"Watson, Mendoza and Glass",02121952
67427,Telecommunications researcher,Curtis-Thomas,08062020
67428,Company secretary,"Murray, Becker and Noble",01161955
67429,Social worker,"Johnson, Jacobson and Hammond",11061955
67430,Set designer,"White, Barnes and Smith",09262019
67431,Production engineer,Martin Group,01051991
67432,Trade union research officer,"Cook, Blackburn and Norris",12161931
67433,Optometrist,Smith PLC,10291984
67434,Health promotion specialist,"Jenkins, Wise and Browning",08081914
67435,Manufacturing systems engineer,Price-Chen,02252013
67436,Sports therapist,Wu Inc,01011933
67437,"Accountant, chartered public finance",Reyes-Sullivan,06201974
67438,"Runner, broadcasting/film/video","Lee, Ross and Peterson",06201968
67439,Pharmacologist,"Rice, Riggs and Wright",07251984
67440,Dentist,Martin LLC,08142007
67441,Youth worker,"Allen, Sanchez and Wright",01272000
67442,"Pilot, airline",Clark PLC,04231948
67443,"Therapist, drama",Lopez-Arnold,06011965
67444,"Administrator, sports",Ramos-Martin,10191928
67445,Immunologist,"Adams, Marks and Stevens",08281931
67446,Press photographer,Harper-Burch,02021997
67447,Quantity surveyor,"Bradford, Bennett and Hicks",05221927
67448,Sports therapist,Cruz PLC,02151995
67449,"Nurse, children's",Patel Ltd,10071921
67450,Energy engineer,"Rhodes, Barrett and Young",08012009
67451,Counselling psychologist,Smith Group,02171933
67452,Careers information officer,"Brown, Jones and Hogan",09061905
67453,Publishing copy,"White, Rice and Jones",01021932
67454,Occupational psychologist,"Johnson, Hooper and Wagner",03141983
67455,Fish farm manager,Miller Ltd,04242010
67456,Equality and diversity officer,"Brown, Garcia and Moore",12151964
67457,Arts administrator,Johnson and Sons,02111970
67458,"Nurse, children's",Hill-Johnson,11222019
67459,Financial risk analyst,Wells Group,02211949
67460,Community education officer,Navarro-Garcia,12091918
67461,Multimedia programmer,"Powell, Fletcher and Cook",11301953
67462,"Lecturer, higher education",Martin-Smith,07091990
67463,Geoscientist,Rivera-Hunter,12311906
67464,Theatre stage manager,"Mccarty, Walker and Gilbert",03262005
67465,"Therapist, sports","Stokes, Evans and Wilson",06222003
67466,"Surveyor, building","Hall, Mitchell and Hernandez",06041971
67467,Art therapist,Powell-Roberson,03012005
67468,Financial trader,Hurst-Herrera,10131913
67469,Energy manager,Nicholson-Jones,08231977
67470,Commissioning editor,"Mullen, Ford and Caldwell",11011922
67471,Local government officer,Roberson LLC,09181956
67472,"Therapist, horticultural","Davis, Stanley and Costa",05291969
67473,Information officer,Woodard LLC,08031924
67474,"Research officer, government",Wells-White,09221922
67475,Geoscientist,Williams-Miller,05241977
67476,"Clinical scientist, histocompatibility and immunogenetics","Moody, Smith and White",07181963
67477,Soil scientist,"Barker, Sanchez and Brown",01182012
67478,"Conservation officer, historic buildings",Wilson PLC,08311939
67479,Maintenance engineer,Holden and Sons,12021997
67480,Telecommunications researcher,Delgado-Myers,09182005
67481,Hydrologist,"Sanchez, Williams and Sutton",06062011
67482,"Pharmacist, hospital",Morris-Cooper,09251997
67483,Marine scientist,"Collins, Hernandez and Johnson",05041968
67484,IT consultant,Hansen-Garrett,05292009
67485,Financial adviser,Thomas Inc,09211914
67486,Agricultural engineer,"Jennings, Rogers and Evans",05181962
67487,Chief Operating Officer,Keller PLC,03141969
67488,Minerals surveyor,Williams-Edwards,09151970
67489,"Teacher, primary school",Lynch-Carter,12081983
67490,Homeopath,Thompson-Bowers,12152012
67491,Claims inspector/assessor,Lopez Group,06122016
67492,Magazine features editor,"Boyer, Nolan and Webb",05051992
67493,"Secretary, company","Smith, Hamilton and Martin",03312006
67494,Armed forces logistics/support/administrative officer,"Flowers, Moore and Berry",08301943
67495,"Surveyor, building control",Frank-Hansen,05171967
67496,"Education officer, environmental",Sanchez PLC,05092003
67497,"Teacher, special educational needs","Johnson, Estes and Hunter",03111932
67498,"Teacher, primary school",Brown Ltd,01231931
67499,"Restaurant manager, fast food",Rollins-Sherman,12281989
67500,Neurosurgeon,Park-Boyer,04252008
67501,Government social research officer,"Walsh, Jones and Obrien",01261977
67502,"Programmer, applications","Gilbert, Davis and Torres",09191964
67503,Human resources officer,Moss LLC,03191929
67504,"Research officer, trade union","Allen, Short and Webb",11021985
67505,"Scientist, marine",Lambert PLC,04162017
67506,Neurosurgeon,"Sanchez, Rice and Stevenson",03111978
67507,Company secretary,Rivas-Ross,10142006
67508,Energy engineer,Sanchez PLC,12151910
67509,Commercial horticulturist,Williams Ltd,09031923
67510,Materials engineer,"Wright, Townsend and Turner",09042019
67511,"Secretary, company","Miller, Lewis and Short",02131990
67512,Pensions consultant,"Taylor, Robertson and Bauer",06271976
67513,Estate manager/land agent,Callahan and Sons,12051965
67514,Chief Executive Officer,Reyes-Sullivan,02111989
67515,"Production assistant, television",Petersen Ltd,05081915
67516,Occupational psychologist,Miller-Richardson,04301909
67517,Airline pilot,Brooks-Thomas,05101915
67518,Advertising account planner,Jackson PLC,07141948
67519,Geochemist,Reese-Sanchez,07231949
67520,Comptroller,"Floyd, Baker and Turner",04091909
67521,Training and development officer,Blair-Barnes,09201922
67522,"Teacher, English as a foreign language",Fry-Cole,03071991
67523,"Psychotherapist, dance movement","Guerra, Lewis and Harrison",12081957
67524,Fisheries officer,Lee Ltd,10081921
67525,Neurosurgeon,"Walker, Morales and Williams",10241934
67526,Air cabin crew,Pitts Ltd,12301928
67527,Maintenance engineer,"Garrison, Alvarado and Bauer",12171955
67528,"Copywriter, advertising",Davis Group,06011965
67529,Clothing/textile technologist,Levine-Davis,06211961
67530,Systems developer,Nolan and Sons,10081920
67531,Theatre director,Rodriguez LLC,11041975
67532,Environmental health practitioner,Hodges PLC,05181992
67533,Mudlogger,Alvarado Group,02161979
67534,Ophthalmologist,Gomez Inc,10201988
67535,Public librarian,"Graves, Ramirez and Carter",09111981
67536,Air broker,Randall-Morris,10041909
67537,"Conservator, furniture",Moore Ltd,03132019
67538,Paramedic,Bridges LLC,05011989
67539,Insurance claims handler,"Guzman, Hartman and Williams",08061959
